Area,Bedrooms,Age,Price
850,1,18,3600000
900,1,15,3850000
950,2,12,4200000
1000,2,20,4350000
1050,2,10,4650000
1100,2,8,4900000
1150,2,16,5050000
1200,2,12,5300000
1250,2,7,5500000
1300,3,14,5700000
1350,3,6,6000000
1400,3,11,6150000
1450,3,9,6400000
1500,3,5,6600000
1550,3,13,6800000
1600,3,7,7050000
1650,3,4,7250000
1700,3,10,7450000
1750,3,8,7700000
1800,3,3,7900000
1850,3,12,8150000
1900,3,6,8350000
1950,4,5,8650000
2000,4,9,8800000
2050,4,4,9050000
2100,4,7,9300000
2150,4,3,9500000
2200,4,8,9750000
2250,4,5,9950000
2300,4,2,10200000
2350,4,6,10400000
2400,4,4,10650000
2450,4,7,10900000
2500,5,3,11150000
2550,5,5,11400000
2600,5,2,11700000
2650,5,4,11950000
2700,5,1,12200000
2750,5,3,12450000
2800,5,2,12700000
